Cabinet;Id;Offre;URL
(sans nom);87;O2LAB;https://labosphere-form-cabinets.vercel.app/?c=87&t=9e01a016bd
2 A Expertise;82;O2LAB;https://labosphere-form-cabinets.vercel.app/?c=82&t=c6db3f5dff
A2C EXPERTISE;1;3 AMBITION;https://labosphere-form-cabinets.vercel.app/?c=1&t=5f554985f3
ACC LYON;2;2 CONNEXION;https://labosphere-form-cabinets.vercel.app/?c=2&t=fa006f2db7
ACOREV;56;O2LAB;https://labosphere-form-cabinets.vercel.app/?c=56&t=4244d10b7b
ACQS EXPERTISE CONSEIL;3;3 AMBITION;https://labosphere-form-cabinets.vercel.app/?c=3&t=18f95a91c2
ACS2J;48;3 AMBITION;https://labosphere-form-cabinets.vercel.app/?c=48&t=95676a30a9
AD EX OUEST;54;ECO;https://labosphere-form-cabinets.vercel.app/?c=54&t=be05d7d409
AD LINK;4;1 STARTER;https://labosphere-form-cabinets.vercel.app/?c=4&t=77353f2202
ADEXIAM;5;3 AMBITION;https://labosphere-form-cabinets.vercel.app/?c=5&t=34501c0441
ADITIS;44;;https://labosphere-form-cabinets.vercel.app/?c=44&t=50cc49b8ea
ADOUR;6;1 STARTER;https://labosphere-form-cabinets.vercel.app/?c=6&t=746720fbab
AGC2V EXPERTISE;57;O2LAB;https://labosphere-form-cabinets.vercel.app/?c=57&t=52cab87a06
AGDE;7;1 STARTER;https://labosphere-form-cabinets.vercel.app/?c=7&t=1d7bccea10
AGICOM;8;3 AMBITION;https://labosphere-form-cabinets.vercel.app/?c=8&t=2a6bdbfb1d
AIR COMPTA;58;O2LAB;https://labosphere-form-cabinets.vercel.app/?c=58&t=6a8f53a835
AJD CONSEILS;49;1 STARTER;https://labosphere-form-cabinets.vercel.app/?c=49&t=a8a4ddcc44
ALLIANCE CONSEIL;85;O2LAB;https://labosphere-form-cabinets.vercel.app/?c=85&t=9957fcd467
ARAGOR;51;2 CONNEXION;https://labosphere-form-cabinets.vercel.app/?c=51&t=4f46ab940a
ASG;9;;https://labosphere-form-cabinets.vercel.app/?c=9&t=0047de0258
AUDEXCOM;10;2 CONNEXION;https://labosphere-form-cabinets.vercel.app/?c=10&t=08c0e8a2f7
AUDICER;11;2 CONNEXION;https://labosphere-form-cabinets.vercel.app/?c=11&t=15970752d1
AXE 3;12;3 AMBITION;https://labosphere-form-cabinets.vercel.app/?c=12&t=9d28efaa6c
BCA;13;1 STARTER;https://labosphere-form-cabinets.vercel.app/?c=13&t=9df45edd5c
BERTON ET ASSOCIÉS;14;2 CONNEXION;https://labosphere-form-cabinets.vercel.app/?c=14&t=8470949e6c
BFP EXPERTISE CONSEIL;15;2 CONNEXION;https://labosphere-form-cabinets.vercel.app/?c=15&t=e495c21f39
BINÔME;16;3 AMBITION;https://labosphere-form-cabinets.vercel.app/?c=16&t=672eee8d99
BONNET ET ASSOCIÉS;17;3 AMBITION;https://labosphere-form-cabinets.vercel.app/?c=17&t=0234bd879a
CABINET GUILLAUME CLERGEAU;55;ECO;https://labosphere-form-cabinets.vercel.app/?c=55&t=90c1f92ed4
CDEGRILART EXPERT;60;O2LAB;https://labosphere-form-cabinets.vercel.app/?c=60&t=35730c5557
CO-PILOTES;19;3 AMBITION;https://labosphere-form-cabinets.vercel.app/?c=19&t=009232bb9e
COACH EXPERTISE;59;O2LAB;https://labosphere-form-cabinets.vercel.app/?c=59&t=b6e7ca61c2
COGEDIAC;18;2 CONNEXION;https://labosphere-form-cabinets.vercel.app/?c=18&t=b62c2c762d
CONCORDANCES;79;O2LAB;https://labosphere-form-cabinets.vercel.app/?c=79&t=9760d200b8
COÉQUIPER ;61;O2LAB;https://labosphere-form-cabinets.vercel.app/?c=61&t=782fefa70c
D3 COMPTA;62;O2LAB;https://labosphere-form-cabinets.vercel.app/?c=62&t=31b5cab787
DERELLE ET ASSOCIES;53;ECO;https://labosphere-form-cabinets.vercel.app/?c=53&t=30d741a336
DIGITABILIS;63;O2LAB;https://labosphere-form-cabinets.vercel.app/?c=63&t=56b533f547
DM CONSULTANTS & ASSOCIÉS;78;O2LAB;https://labosphere-form-cabinets.vercel.app/?c=78&t=5994a17d39
DOTADVISORY;64;O2LAB;https://labosphere-form-cabinets.vercel.app/?c=64&t=d0911018ac
E.SENCIA;65;O2LAB;https://labosphere-form-cabinets.vercel.app/?c=65&t=bb76d89c6e
ENVOL EXPERT COMPTABLE ;86;O2LAB;https://labosphere-form-cabinets.vercel.app/?c=86&t=10e331ee08
FICOGEX;20;1 STARTER;https://labosphere-form-cabinets.vercel.app/?c=20&t=35175b86e8
FIDUCIAIRE MADAR CONSEIL;83;O2LAB;https://labosphere-form-cabinets.vercel.app/?c=83&t=565ba8a132
FINEORA ;84;O2LAB;https://labosphere-form-cabinets.vercel.app/?c=84&t=19cf6d5621
FOLLET BOUTIN;21;2 CONNEXION;https://labosphere-form-cabinets.vercel.app/?c=21&t=8ac4fdbbd8
GEXPERTIZ;22;1 STARTER;https://labosphere-form-cabinets.vercel.app/?c=22&t=4acc7cdc81
GIE FLANDES;46;;https://labosphere-form-cabinets.vercel.app/?c=46&t=5c8c85d763
GUERY BOLLE;23;1 STARTER;https://labosphere-form-cabinets.vercel.app/?c=23&t=2d865ebdc7
HMCC ;24;1 BACHELOR;https://labosphere-form-cabinets.vercel.app/?c=24&t=acb7601ad1
HOCHE;25;2 CONNEXION;https://labosphere-form-cabinets.vercel.app/?c=25&t=76982bcd28
INNOVA EXPERTS & CONSEIL;88;O2LAB;https://labosphere-form-cabinets.vercel.app/?c=88&t=cd38b3b8be
INTERACTO ;26;2 CONNEXION;https://labosphere-form-cabinets.vercel.app/?c=26&t=f8bd3a081b
JF MEHEUST EC;47;3 AMBITION;https://labosphere-form-cabinets.vercel.app/?c=47&t=0b2bd07898
KAPSENS;27;1 STARTER;https://labosphere-form-cabinets.vercel.app/?c=27&t=9470caa262
KARA;28;2 CONNEXION;https://labosphere-form-cabinets.vercel.app/?c=28&t=95890de383
KBK EXPERT & CONSEIL;66;O2LAB;https://labosphere-form-cabinets.vercel.app/?c=66&t=f6d51ec171
L'OPTIMISTE;33;1 BACHELOR;https://labosphere-form-cabinets.vercel.app/?c=33&t=b604245b67
LARES CONSEIL;29;2 CONNEXION;https://labosphere-form-cabinets.vercel.app/?c=29&t=234d9a4128
LEAD UP;30;1 STARTER;https://labosphere-form-cabinets.vercel.app/?c=30&t=3270230023
LINK EXPERTISES;31;3+ DOCTOR;https://labosphere-form-cabinets.vercel.app/?c=31&t=cf5f675b06
LITA;67;O2LAB;https://labosphere-form-cabinets.vercel.app/?c=67&t=06b1bcfa80
LIWEN CONSEILS;32;1 STARTER;https://labosphere-form-cabinets.vercel.app/?c=32&t=19757e974a
MA COMPTA COOL (STCF);68;O2LAB;https://labosphere-form-cabinets.vercel.app/?c=68&t=081eaed6af
MARLÈNE BORNY;69;O2LAB;https://labosphere-form-cabinets.vercel.app/?c=69&t=1815db6de4
NATHALIE BOUARD EXPERTISE;70;O2LAB;https://labosphere-form-cabinets.vercel.app/?c=70&t=a90a71ff13
NAVELLIS;71;O2LAB;https://labosphere-form-cabinets.vercel.app/?c=71&t=eafc0548f2
NEODAF;80;O2LAB;https://labosphere-form-cabinets.vercel.app/?c=80&t=f0c1a867fb
NEOMI;72;O2LAB;https://labosphere-form-cabinets.vercel.app/?c=72&t=b318a7a13c
NEXACO;73;O2LAB;https://labosphere-form-cabinets.vercel.app/?c=73&t=f572300ed0
QANTALIS;50;2 CONNEXION;https://labosphere-form-cabinets.vercel.app/?c=50&t=07efd94b16
RELYA;45;;https://labosphere-form-cabinets.vercel.app/?c=45&t=9f3d3f580b
ROUFFIAC;34;1 STARTER;https://labosphere-form-cabinets.vercel.app/?c=34&t=625a12d49f
SCCF;74;O2LAB;https://labosphere-form-cabinets.vercel.app/?c=74&t=9210f20e99
SECOVAL;35;1 STARTER;https://labosphere-form-cabinets.vercel.app/?c=35&t=31c9cfea52
SKYNET;36;2 CONNEXION;https://labosphere-form-cabinets.vercel.app/?c=36&t=bc900b2f4c
SOFIGEC;37;2 CONNEXION;https://labosphere-form-cabinets.vercel.app/?c=37&t=be5eff5426
SOIZE CONSEIL;75;O2LAB;https://labosphere-form-cabinets.vercel.app/?c=75&t=811a9bd174
SORGECO;81;O2LAB;https://labosphere-form-cabinets.vercel.app/?c=81&t=8ba6b74bb4
SYMELIOS;43;2 CONNEXION;https://labosphere-form-cabinets.vercel.app/?c=43&t=9f279aa44f
SYNAPSE;38;1 STARTER;https://labosphere-form-cabinets.vercel.app/?c=38&t=ecfe01da2e
T3B EXPERTISE;76;O2LAB;https://labosphere-form-cabinets.vercel.app/?c=76&t=0df4ec76d4
TERRE D'EXPERTISE ET DE CONSEIL;52;2 CONNEXION;https://labosphere-form-cabinets.vercel.app/?c=52&t=5e57a57dad
TH AUDIT CONSEIL;77;O2LAB;https://labosphere-form-cabinets.vercel.app/?c=77&t=9962247cb7
THOMAS ET ASSOCIÉS;39;3 AMBITION;https://labosphere-form-cabinets.vercel.app/?c=39&t=0d130cfa3b
VALOXY;40;1 STARTER;https://labosphere-form-cabinets.vercel.app/?c=40&t=83708c07ea
VMA ;41;2 CONNEXION;https://labosphere-form-cabinets.vercel.app/?c=41&t=acb593d662
YTHAK;42;2 CONNEXION;https://labosphere-form-cabinets.vercel.app/?c=42&t=2c5ac6f761
